{
    "start_pose": [
        0.35706109638691287,
        0.021294005215168,
        0.024893156177229003,
        0.6353680308216866,
        0.6854732368669426,
        -0.2639585688305498,
        -0.23824311299564743
    ],
    "goals": [
        [
            0.35706109638691287,
            0.021294005215168,
            0.124893156177229003,
            -0.6652841055959126,
            0.697490775612147,
            0.20281342721883897,
            -0.17254098213804459
        ],
        [
            0.353902406619419,
            0.021248044446110725,
            0.027300945482877117,
            0.633586969202729,
            0.68718165279945,
            -0.26135064934006386,
            -0.24092481524708814
        ],
        [
            0.3548263926276325,
            0.0215530376881361,
            0.02626322505742265,
            0.6342993778034626,
            0.6865452091256239,
            -0.261034507519906,
            -0.2412072988709796
        ],
        [
            0.3552127301274042,
            0.021483682096004486,
            0.026139554058043605,
            0.6397570136756616,
            0.68148836412363,
            -0.26272533102887796,
            -0.2392905628157215
        ]
    ]
}