{
    "start_pose": [
        0.37429803298354325,
        0.11426623165607452,
        -0.0718099295005733,
        0.5777317135190533,
        0.5509842507191253,
        -0.4037743694673119,
        -0.44677587358215454
    ],
    "goals": [
        [
            0.37429803298354325,
            0.11426623165607452,
            0.1518099295005733,
         0.5777317135190533,
        0.5509842507191253,
        -0.4037743694673119,
        -0.44677587358215454
        ],
        [
            0.37387320484182474,
            0.11334864050149918,
            -0.07084105623551729,
         0.5777317135190533,
        0.5509842507191253,
        -0.4037743694673119,
        -0.44677587358215454
        ],
        [
            0.37284179247458504,
            0.1131322979927063,
            -0.07042276518784685,
        0.5777317135190533,
        0.5509842507191253,
        -0.4037743694673119,
        -0.44677587358215454
        ],
        [
            0.37472073484006563,
            0.1142285019159317,
            -0.07344017069512943,
        0.5777317135190533,
        0.5509842507191253,
        -0.4037743694673119,
        -0.44677587358215454
        ],
        [
            0.37509678627754817,
            0.11450185626745224,
            -0.07354350730687209,
        0.5777317135190533,
        0.5509842507191253,
        -0.4037743694673119,
        -0.44677587358215454
        ],
        [
            0.37423149881319706,
            0.11326396465301514,
            -0.07178080851956858,
        0.5777317135190533,
        0.5509842507191253,
        -0.4037743694673119,
        -0.44677587358215454
        ],
        [
            0.3753142014399836,
            0.11445062607526779,
            -0.07286306119138519,
        0.5777317135190533,
        0.5509842507191253,
        -0.4037743694673119,
        -0.44677587358215454
        ],
        [
            0.3747342672733489,
            0.11417590081691742,
            -0.0719804288481507,
        0.5777317135190533,
        0.5509842507191253,
        -0.4037743694673119,
        -0.44677587358215454
        ],
        [
            0.37470566433809505,
            0.11442334949970245,
            -0.07343761883782562,
        0.5777317135190533,
        0.5509842507191253,
        -0.4037743694673119,
        -0.44677587358215454
        ],
        [
            0.3730572152320636,
            0.11533554643392563,
            -0.07411020475052299,
        0.5777317135190533,
        0.5509842507191253,
        -0.4037743694673119,
        -0.44677587358215454
        ],
        [
            0.37847261067226456,
            0.11475326865911484,
            -0.03655167528020614,
        0.5777317135190533,
        0.5509842507191253,
        -0.4037743694673119,
        -0.44677587358215454
        ],
        [
            0.38661884544454683,
            0.10093811899423599,
            0.030482850409498885,
        0.5777317135190533,
        0.5509842507191253,
        -0.4037743694673119,
        -0.44677587358215454
        ],
        [
            0.38095401376623705,
            0.02698097564280033,
            0.05123163191101188,
        0.5777317135190533,
        0.5509842507191253,
        -0.4037743694673119,
        -0.44677587358215454
        ],
        [
            0.3828596092970664,
            -0.04285731166601181,
            0.028436576268955627,
        0.5777317135190533,
        0.5509842507191253,
        -0.4037743694673119,
        -0.44677587358215454
        ],
        [
            0.3734806520330849,
            -0.05928671360015869,
            -0.05776330230052262,
        0.5777317135190533,
        0.5509842507191253,
        -0.4037743694673119,
        -0.44677587358215454
        ],
        [
            0.37162019838123117,
            -0.0556076243519783,
            -0.07068943371746161,
        0.5777317135190533,
        0.5509842507191253,
        -0.4037743694673119,
        -0.44677587358215454
        ],
        [
            0.37324106273184976,
            -0.05581330135464668,
            -0.07231408052529953,
        0.5777317135190533,
        0.5509842507191253,
        -0.4037743694673119,
        -0.44677587358215454
        ],
        [
            0.3747943510385834,
            -0.0557531863451004,
            -0.07162347147314774,
        0.5777317135190533,
        0.5509842507191253,
        -0.4037743694673119,
        -0.44677587358215454
        ],
        [
            0.37328596000036185,
            -0.055835336446762085,
            -0.07055644521199944,
        0.5777317135190533,
        0.5509842507191253,
        -0.4037743694673119,
        -0.44677587358215454
        ],
        [
            0.37210688496045796,
            -0.05593276023864746,
            -0.07007693159962336,
        0.5777317135190533,
        0.5509842507191253,
        -0.4037743694673119,
        -0.44677587358215454
        ],
        [
            0.3729328543175794,
            -0.05482400208711624,
            -0.07071982610923422,
        0.5777317135190533,
        0.5509842507191253,
        -0.4037743694673119,
        -0.44677587358215454
        ]
    ]
}