{
    "start_pose": [
        0.39866807359815815,
        0.13222654163837433,
        -0.043351194296516016,
        -0.023853000486620587,
        -0.0031776704772307927,
        0.9993195184429601,
        -0.027954191761773068
    ],
    "goals": [
        [
            0.39866807359815815,
            0.13222654163837433,
            -0.043351194296516016,
            -0.023853000486620587,
            -0.0031776704772307927,
            0.9993195184429601,
            -0.027954191761773068
        ],
        [
            0.3989483485123163,
            0.13247790932655334,
            -0.04314414999858318,
            -0.02048525287519046,
            -0.0014773366097259061,
            0.9993546972670896,
            -0.029467964663089846
        ],
        [
            0.3986066423810676,
            0.13237164914608002,
            -0.04289150473536352,
            -0.02246521580215607,
            -0.0031062288957916435,
            0.999291087416368,
            -0.030049759253985328
        ],
        [
            0.39954246515153624,
            0.13270066678524017,
            -0.042948636602361034,
            -0.019158437559173992,
            -0.003374935377582744,
            0.9993468247120968,
            -0.03045468796980211
        ],
        [
            0.39934234148726844,
            0.13292962312698364,
            -0.043235823511269866,
            -0.022186029158191498,
            -0.0021369830227099245,
            0.9992922668525359,
            -0.030301465681925537
        ],
        [
            0.39844939728469186,
            0.1318686455488205,
            -0.04301111242260214,
            -0.024541942366919804,
            -0.00460519771100223,
            0.9992365412895927,
            -0.03004695942210362
        ],
        [
            0.39942442181513393,
            0.13420014083385468,
            -0.04331438958455891,
            -0.023839843148492197,
            -0.011335074342590814,
            0.9994331084196469,
            -0.02089592694631368
        ],
        [
            0.4094651738667331,
            0.13139910995960236,
            -0.01564622235595836,
            -0.06258343776940886,
            0.0138756618119528,
            0.9975923066530971,
            -0.026464486256037128
        ],
        [
            0.407614336702099,
            0.11132403463125229,
            0.020771472975206873,
            -0.05128689867609957,
            -0.008346930664797312,
            0.9941857291563139,
            0.09431181641021018
        ],
        [
            0.4105738832420406,
            0.04535643383860588,
            0.028038157882211756,
            -0.07153521079375957,
            -0.017290773636947785,
            0.9597800286779772,
            0.2709354892121547
        ],
        [
            0.40600118391410056,
            -0.018726451322436333,
            0.029674214931752207,
            -0.08065298264306348,
            -0.019717880938278105,
            0.9054438526526097,
            0.41626641860193464
        ],
        [
            0.38890015603281713,
            -0.07663126289844513,
            0.009477497199919083,
            -0.05813075460436208,
            -0.023623890814412688,
            0.8029959527750768,
            0.5926721074749196
        ],
        [
            0.373982274136925,
            -0.08083873987197876,
            -0.03215688470887984,
            -0.015809694976935542,
            -0.02137992144034454,
            0.7158605661545479,
            0.6977367715183364
        ],
        [
            0.3714658773419215,
            -0.07934825122356415,
            -0.04495835322159181,
            -0.008849718703568262,
            -0.021518909776204534,
            0.7076312706153459,
            0.7061986999763042
        ],
        [
            0.3707703033178035,
            -0.07939837127923965,
            -0.04471441620563599,
            -0.01270734744195746,
            -0.026429487691733672,
            0.7094603564055036,
            0.7041349360671701
        ],
        [
            0.3712049345338053,
            -0.07929220050573349,
            -0.045180955463160366,
            -0.011787857536992642,
            -0.02284513463059515,
            0.7093477539078771,
            0.7043897431566188
        ],
        [
            0.3711550216229149,
            -0.07953198999166489,
            -0.045328641086370025,
            -0.011881724129493825,
            -0.02535837928982814,
            0.7083926505031307,
            0.7052628091319245
        ],
        [
            0.37097792592102885,
            -0.07949922233819962,
            -0.044881180263405485,
            -0.013402925315837177,
            -0.02543397560362933,
            0.7075239197410816,
            0.7061043672660491
        ]
    ]
}